# 修改数据

## 1. INSERT

使用 `INSERT` 语句向数据库表中插入新的数据记录

```sql
INSERT INTO table_name(c1, c2, ...)
VALUES (v1, v2, ...);
```

同时插入多条记录

```sql
INSERT INTO table_name(c1, c2, ...)
VALUES (v11, v12, ...),
       (v21, v22, ...),
       ...
       (vnn, vn2, ...);
```

将查询结果插入到表中

```sql
INSERT INTO table_name (column_list)
SELECT (column_list)
  FROM table_name
 WHERE search_condition;
```

### 1.1. 案例

```sql
CREATE TABLE IF NOT EXISTS tasks (
  task_id     INT               AUTO_INCREMENT,
  title       VARCHAR(255)      NOT NULL,
  start_date  DATE,
  due_date    DATE,
  priority    TINYINT DEFAULT 3 NOT NULL ,
  description TEXT,
  PRIMARY KEY (task_id)
);
```

```sql
-- 插入一条记录
INSERT INTO tasks (title, priority)
VALUES ('Learn MySQL INSERT Statement', 1);

SELECT *
  FROM tasks; /*
+---------+------------------------------+------------+----------+----------+-------------+
| task_id | title                        | start_date | due_date | priority | description |
+---------+------------------------------+------------+----------+----------+-------------+
|       1 | Learn MySQL INSERT Statement | NULL       | NULL     |        1 | NULL        |
+---------+------------------------------+------------+----------+----------+-------------+
1 row in set (0.00 sec) */
```

```sql
-- 插入日期数据
INSERT INTO tasks (title, start_date, due_date)
VALUES ('Insert date into table',
        '2018-01-09',
        '2018-09-15');

SELECT *
  FROM tasks; /*
+---------+------------------------------+------------+------------+----------+-------------+
| task_id | title                        | start_date | due_date   | priority | description |
+---------+------------------------------+------------+------------+----------+-------------+
|       1 | Learn MySQL INSERT Statement | NULL       | NULL       |        1 | NULL        |
|       2 | Insert date into table       | 2018-01-09 | 2018-09-15 |        3 | NULL        |
+---------+------------------------------+------------+------------+----------+-------------+
2 rows in set (0.00 sec) */
```

```sql
-- 在 VALUES 子句中使用表达式
INSERT INTO tasks (title, start_date, due_date)
VALUES ('Use current date for the task',
        CURRENT_DATE(),
        CURRENT_DATE());

SELECT *
  FROM tasks; /*
+---------+-------------------------------+------------+------------+----------+-------------+
| task_id | title                         | start_date | due_date   | priority | description |
+---------+-------------------------------+------------+------------+----------+-------------+
|       1 | Learn MySQL INSERT Statement  | NULL       | NULL       |        1 | NULL        |
|       2 | Insert date into table        | 2018-01-09 | 2018-09-15 |        3 | NULL        |
|       3 | Use current date for the task | 2019-05-28 | 2019-05-28 |        3 | NULL        |
+---------+-------------------------------+------------+------------+----------+-------------+
3 rows in set (0.00 sec) */
```

```sql
-- 同时插入多条记录
INSERT INTO tasks (title, priority)
VALUES ('My first task', 1),
       ('It is the second task', 2),
       ('This is the third task of the week', 3);
-- Query OK, 3 rows affected (0.00 sec)
-- Records: 3  Duplicates: 0  Warnings: 0

-- 插入多条记录时, MySQL 会返回一些在执行单行插入时没有的额外信息
-- 1. Records 表明插入的记录条数
-- 2. Duplicates 表明插入时被忽略的记录，原因可能是这些记录包含了重复的主键值
-- 3. Warnings 表明有问题的数据值，录入发生数据类型转换

SELECT *
  FROM tasks; /*
+---------+------------------------------------+------------+------------+----------+-------------+
| task_id | title                              | start_date | due_date   | priority | description |
+---------+------------------------------------+------------+------------+----------+-------------+
|       1 | Learn MySQL INSERT Statement       | NULL       | NULL       |        1 | NULL        |
|       2 | Insert date into table             | 2018-01-09 | 2018-09-15 |        3 | NULL        |
|       3 | Use current date for the task      | 2019-05-28 | 2019-05-28 |        3 | NULL        |
|       4 | My first task                      | NULL       | NULL       |        1 | NULL        |
|       5 | It is the second task              | NULL       | NULL       |        2 | NULL        |
|       6 | This is the third task of the week | NULL       | NULL       |        3 | NULL        |
+---------+------------------------------------+------------+------------+----------+-------------+
6 rows in set (0.00 sec) */
```

## 2. UPDATE

使用 `UPDATE` 语句更新表中的记录

```sql
UPDATE [LOW_PRIORITY] [IGNORE] table_name
   SET column_name1 = expr1,
       column_name2 = expr2,
       ...
[WHERE condition];

-- 确保 UPDATE 以 WHERE 子句结束
-- 通过 WHERE 子句指定被更新的记录所需要满足的条件
-- 如果忽略 WHERE 子句, MySQL 将更新表中所有的行
```

## 3. DELETE

使用 `DELETE` 语句从数据表中删除数据

```sql
DELETE FROM table_name
 WHERE condition; -- 没有 WHERE 子句 DELETE 语句将删除表中的所有记录
```

### 3.1. 限制要删除的行数

```sql
DELETE FROM table_name
 LIMIT row_count;
```

### 3.2. 删除表中所有记录

如果想删除表中的所有记录，还可以使用 `TRUNCATE TABLE` 语句。TRUNCATE 将直接删除原来的表，并重新创建一个表。TRUNCATE 直接删除表而不是删除记录，因此执行速度比 DELETE 快。

```sql
TRUNCATE TABLE table_name;
```
