# 数值类型

## 1. 整数类型

MySQL 支持 SQL 标准整数类型 `INTEGER`（或 `INT`）和 `SMALLINT`，此外还提供了 `TINYINT`、`MEDIUMINT` 和 `BIGINT` 作为标准 SQL 的扩展。

MySQL 中的整数类型所需的存储和取值范围

|   类型    | 存储（字节） |               有符号               |        无符号         |
| :-------: | :----------: | :--------------------------------: | :-------------------: |
|  TINYINT  |      1       |            -128 ～ 127             |       0 ～ 255        |
| SMALLINT  |      2       |          -32768 ～ 32767           |      0 ～ 65535       |
| MEDIUMINT |      3       |        -8388608 ～ 8388607         |     0 ～ 16777215     |
|    INT    |      4       |     -2147483648 ～ 2147483647      |    0 ～ 4294967295    |
|  BIGINT   |      8       | -2<sup>63</sup>～ 2<sup>63</sup>-1 | 0 ～ 2<sup>64</sup>-1 |

### 1.1. 显示宽度

例如 `INT(4)`，后面的数字表示的是该数据类型指定的**显示宽度**，指定能够显示的数值中数字的个数。

注意显示宽度和数据类型的取值范围是无关的。显示宽度只是指明 MySQL 最大可能显示的数字个数，数值的位数小于指定的宽度时会由空格填充；如果插入了大于显示宽度的值，只要该值不超过该类型整数的取值范围，数值依然可以插入，而且能够显示出来。

定义表结构时如未指定所需的显示宽度，则系统为每一种类型指定默认的宽度值。

```sql
CREATE TABLE demo (
    x TINYINT,
    y SMALLINT,
    z MEDIUMINT,
    m INT,
    n BIGINT
);
```

```sh
mysql> DESC demo;
+-------+--------------+------+-----+---------+-------+
| Field | Type         | Null | Key | Default | Extra |
+-------+--------------+------+-----+---------+-------+
| x     | tinyint(4)   | YES  |     | NULL    |       |
| y     | smallint(6)  | YES  |     | NULL    |       |
| z     | mediumint(9) | YES  |     | NULL    |       |
| m     | int(11)      | YES  |     | NULL    |       |
| n     | bigint(20)   | YES  |     | NULL    |       |
+-------+--------------+------+-----+---------+-------+
5 rows in set (0.00 sec)
```

> 显示宽度只用于显示，并不能限制取值范围和占用空间，如 `INT(3)` 会占用 4 个字节的存储空间，并且允许的最大值也不会是 999，而是 INT 整型所允许的最大值。

### 1.2. ZEROFILL

除了显示宽度之外，MySQL 还提供了非标准的 `ZEROFILL` 属性，这种情况会将空格替换为零。

```sql
CREATE TABLE zerofill_tests(
    id INT    AUTO_INCREMENT PRIMARY KEY,
    v1 INT(2) ZEROFILL,
    v2 INT(3) ZEROFILL,
    v3 INT(5) ZEROFILL
);

INSERT INTO zerofill_tests(v1, v2, v3)
VALUES (1, 6, 9);

SELECT v1, v2, v3
  FROM zerofill_tests; /*
+------+------+-------+
| v1   | v2   | v3    |
+------+------+-------+
|   01 |  006 | 00009 |
+------+------+-------+
1 row in set (0.00 sec) */
```

`ZEROFILL` 列会自动加上 `UNSIGNED` 属性

```sh
mysql> DESC zerofill_tests;
+-------+--------------------------+------+-----+---------+----------------+
| Field | Type                     | Null | Key | Default | Extra          |
+-------+--------------------------+------+-----+---------+----------------+
| id    | int(11)                  | NO   | PRI | NULL    | auto_increment |
| v1    | int(2) unsigned zerofill | YES  |     | NULL    |                |
| v2    | int(3) unsigned zerofill | YES  |     | NULL    |                |
| v3    | int(5) unsigned zerofill | YES  |     | NULL    |                |
+-------+--------------------------+------+-----+---------+----------------+
4 rows in set (0.00 sec)
```

## 2. 定点数类型

`DECIMAL` 类型用于存储精确的数值

```sql
DECIMAL(M, D)
-- M 为精度, 表示最大的位数, 范围 1～65
-- D 为标度, 表示小数的位数, 范围 0～30 且不大于 M

DECIMAL(M) -- 等同于 DECIMAL(M, 0)
DECIMAL    -- 等同于 DECIMAL(10, 0)
```

在 MySQL 中，定点数以字符串形式存储，在对精度要求比较高的时候（如货币，科学数据等）使用 `DECIMAL` 类型比较好。

### 2.1. 案例

```sql
CREATE TABLE materials (
    id          INT            AUTO_INCREMENT PRIMARY KEY,
    description VARCHAR(255),
    cost        DECIMAL(19, 4) NOT NULL
);

INSERT INTO materials (description, cost)
VALUES ('Bicycle', 500.34),
       ('Seat', 10.23),
       ('Break', 5.21);

SELECT *
  FROM materials; /*
+----+-------------+----------+
| id | description | cost     |
+----+-------------+----------+
|  1 | Bicycle     | 500.3400 |
|  2 | Seat        |  10.2300 |
|  3 | Break       |   5.2100 |
+----+-------------+----------+
3 rows in set (0.00 sec) */

-- 修改 cost 字段使之包含 ZEROFILL
 ALTER TABLE materials
MODIFY cost DECIMAL(19, 4) ZEROFILL;

SELECT *
  FROM materials; /*
+----+-------------+----------------------+
| id | description | cost                 |
+----+-------------+----------------------+
|  1 | Bicycle     | 000000000000500.3400 |
|  2 | Seat        | 000000000000010.2300 |
|  3 | Break       | 000000000000005.2100 |
+----+-------------+----------------------+
3 rows in set (0.00 sec) */
```

## 3. 浮点数类型

- `FLOAT` 单精度浮点数，使用 4 个字节
- `DOUBLE` 双精度浮点数，使用 8 个字节

## 4. 位值类型

BIT 类型用于存储位值。

```sql
BIT(m) -- 可以存储多达 m 位的值, m 的范围 1～64

BIT(1) -- 等同于 BIT
```

位值字面量

```sh
# b'val' 表示法
# 最前头的 b 可以写成 B
b'01'
B'01'

# 0bval 表示法
# 最前头的 0b 大小写敏感, 不能写成 0B
0b01
```

## 5. 布尔类型

MySQL 没有内置的布尔类型而使用 `TINYINT(1)` 来替代，使用 `BOOLEAN` 和 `BOOL` 作为 `TINYINT(1)` 的同义词。

```sql
SELECT true, false, TRUE, FALSE, True, False; /*
+------+-------+------+-------+------+-------+
| TRUE | FALSE | TRUE | FALSE | TRUE | FALSE |
+------+-------+------+-------+------+-------+
|    1 |     0 |    1 |     0 |    1 |     0 |
+------+-------+------+-------+------+-------+
1 row in set (0.00 sec) */
```
