# 日期与时间类型

## 1. DATE

日期值，格式为 `CCYY-MM-DD`。

### 1.1. 案例

```sql
CREATE TABLE people (
    id         INT         AUTO_INCREMENT PRIMARY KEY,
    first_name VARCHAR(50) NOT NULL,
    last_name  VARCHAR(50) NOT NULL,
    birth_date DATE        NOT NULL
);


INSERT INTO people (first_name, last_name, birth_date)
VALUES ('John', 'Doe', '1990-09-01');

SELECT first_name,
       last_name,
       birth_date
  FROM people; /*
+------------+-----------+------------+
| first_name | last_name | birth_date |
+------------+-----------+------------+
| John       | Doe       | 1990-09-01 |
+------------+-----------+------------+
1 row in set (0.00 sec) */
```

```sql
-- 两位数的年份格式
-- 00～69 范围的年份值转换为 2000～2069
-- 70～99 范围的年份值转换为 1970～1999
INSERT INTO people (first_name, last_name, birth_date)
VALUES ('Jack', 'Daniel', '01-09-01'),
       ('Lily', 'Bush', '80-09-01');

SELECT first_name,
       last_name,
       birth_date
  FROM people; /*
+------------+-----------+------------+
| first_name | last_name | birth_date |
+------------+-----------+------------+
| John       | Doe       | 1990-09-01 |
| Jack       | Daniel    | 2001-09-01 |
| Lily       | Bush      | 1980-09-01 |
+------------+-----------+------------+
3 rows in set (0.00 sec) */
```

## 2. DATETIME

日期和时间值，格式为 `CCYY-MM-DD hh:mm:ss`。

### 2.1. 案例

```sql
CREATE TABLE timestamp_n_datetime (
    id INT       AUTO_INCREMENT PRIMARY KEY,
    ts TIMESTAMP,
    dt DATETIME
);

-- 使用 NOW() 函数获取当前日期和时间
INSERT INTO timestamp_n_datetime (ts, dt)
VALUES (NOW(), NOW());

SELECT ts,
       dt
  FROM timestamp_n_datetime; /*
+---------------------+---------------------+
| ts                  | dt                  |
+---------------------+---------------------+
| 2019-05-26 23:01:03 | 2019-05-26 23:01:03 |
+---------------------+---------------------+
1 row in set (0.00 sec) */
-- 如上所见, 两列的值相同
```

```sql
-- 将时区设置为 +03:00
SET time_zone = '+03:00';

SELECT ts,
       dt
  FROM timestamp_n_datetime; /*
+---------------------+---------------------+
| ts                  | dt                  |
+---------------------+---------------------+
| 2019-05-26 18:01:03 | 2019-05-26 23:01:03 |
+---------------------+---------------------+
1 row in set (0.00 sec) */
-- 如上所见, ts 列的值发生了改变
```

`TIMESTAMP` 与 `DATETIME` 除了存储字节和支持的范围不同外，还有一个最大的区别就是 `DATETIME` 在存储日期和时间数据时，按实际输入的格式存储；而 `TIMESTAMP` 值的存储是以 UTC（世界标准时间）格式保存的，存储时对当前时区进行转换，检索时再转换回当前时区。

## 3. TIMESTAMP

时间戳值，格式为 `CCYY-MM-DD hh:mm:ss`。

### 3.1. 案例

自动初始化 - `DEFAULT CURRENT_TIMESTAMP`

```sql
-- 创建 categories 表
CREATE TABLE categories (
    id         INT          AUTO_INCREMENT PRIMARY KEY,
    name       VARCHAR(255) NOT NULL,
    created_at TIMESTAMP    DEFAULT CURRENT_TIMESTAMP
);

INSERT INTO categories (name)
VALUES ('A');

SELECT * 
  FROM categories; /*
+----+------+---------------------+
| id | name | created_at          |
+----+------+---------------------+
|  1 | A    | 2019-05-26 18:40:38 |
+----+------+---------------------+
1 row in set (0.00 sec) */
-- created_at 字段初始化为插入数据行时的时间戳值
```

自动更新 - `ON UPDATE CURRENT_TIMESTAMP`

```sql
-- 增加一个 updated_at 字段
ALTER TABLE categories
  ADD COLUMN updated_at TIMESTAMP
             DEFAULT CURRENT_TIMESTAMP
             ON UPDATE CURRENT_TIMESTAMP;

INSERT INTO categories (name)
VALUES ('B');

SELECT * 
  FROM categories; /*
+----+------+---------------------+---------------------+
| id | name | created_at          | updated_at          |
+----+------+---------------------+---------------------+
|  1 | A    | 2019-05-26 18:40:38 | 2019-05-26 18:40:54 |
|  2 | B    | 2019-05-26 18:41:04 | 2019-05-26 18:41:04 |
+----+------+---------------------+---------------------+
2 rows in set (0.00 sec) */

-- 更新 id=2 数据行的 name 字段的值
UPDATE categories
   SET name = 'B+'
 WHERE id = 2;

SELECT * 
  FROM categories 
 WHERE id = 2; /*
+----+------+---------------------+---------------------+
| id | name | created_at          | updated_at          |
+----+------+---------------------+---------------------+
|  2 | B+   | 2019-05-26 18:41:04 | 2019-05-26 18:42:32 |
+----+------+---------------------+---------------------+
1 row in set (0.00 sec) */
-- updated_at 字段的值更新为更新行时的时间戳值
```

## 4. TIME

时间值，格式为 `hh:mm:ss`。

### 4.1. 案例

```sql
CREATE TABLE demo (
    start_at TIME,
    end_at   TIME
);

INSERT INTO demo (start_at, end_at)
VALUES ('08:00:00', '10:00:00');

SELECT * 
  FROM demo; /*
+----------+----------+
| start_at | end_at   |
+----------+----------+
| 08:00:00 | 10:00:00 |
+----------+----------+
1 row in set (0.00 sec) */
```

## 5. YEAR

年份值，格式为 `CCYY` 或 `YY`。
